SIN,nmol_T_g,nmol_T_g_dw_corrected,nmol_T_egg,g_egg,pct_moisture,pct_lipid_wet,year,site,group,WH_hatchery_id,USGS_id,Chena_Salcha_specimen_id,pct_dry_matter,pct_lipid_dry,pct_protein_est_dry,lipid_g,water_g,protein_g_est,country,broad_group,fine_group,fish_mass_kg,girth_mm,lat_n,long_w,length_nose_fork_mm,ich_visual_count,ich_visual_positive,collection_date,length_mideye_fork_mm
Chena_5_8_11,7.18736668,18.21918755,1.641928523,0.22833333300000003,0.6055056428,0.09026405484,2023,Chena,Spawning,NA,Chena 5 8/11,39-C,0.39449435720000003,0.22880949547838042,0.7711905045216196,0.020610292491711982,0.13825712157083145,0.06946591893745659,NA,NA,Tanana,NA,NA,NA,NA,NA,NA,NA,NA,NA
Chena_13,2.7317140650000002,18.61474661,NA,NA,0.8532499999999998,0.01342971976,2023,Chena,Spawning,NA,NA,NA,0.14675000000000016,0.09151427434412256,0.9084857256558775,NA,NA,NA,NA,NA,Tanana,NA,NA,NA,NA,NA,NA,NA,NA,NA
Chena_3_8_7,3.2106455099999995,10.689028279999999,0.7202548089999999,0.207166667,0.6996316759000001,0.1165781684,2023,Chena,Spawning,NA,Chena 3 7/7,3-C,0.3003683240999999,0.38811738471193885,0.6118826152880612,0.02415111059239272,0.14494036242382724,0.03807519398378004,NA,NA,Tanana,NA,NA,NA,NA,NA,NA,NA,NA,NA
Chena_3_8_10,5.3009710619999995,13.597396810000001,1.7626555660000003,0.33366666700000003,0.6101480941999999,0.13154195899999999,2023,Chena,Spawning,NA,Chena 3 8/10,25-C,0.38985190580000006,0.3374152006005147,0.6625847993994853,0.04389116703018065,0.20358608096811603,0.08618941900170335,NA,NA,Tanana,NA,NA,NA,NA,NA,NA,NA,NA,NA
Chena_2_8_10,NA,NA,NA,NA,0.6435322172000001,0.1513149858,2023,Chena,Spawning,NA,Chena 2 8/10,24-C,0.3564677827999999,0.42448432397296587,0.5755156760270341,NA,NA,NA,NA,NA,Tanana,NA,NA,NA,NA,NA,NA,NA,NA,NA
Chena_4,NA,NA,NA,NA,0.6643814460000002,0.09281145445999998,2023,Chena,Spawning,NA,NA,NA,0.33561855399999985,0.2765385088334539,0.7234614911665461,NA,NA,NA,NA,NA,Tanana,NA,NA,NA,NA,NA,NA,NA,NA,NA
FOYU23_004,6.017763437,NA,0.6663849329999999,0.11115,NA,NA,2023,FOYU,Transit,NA,FOYU-2023-004,NA,NA,NA,NA,NA,NA,NA,NA,NA,Canada,NA,NA,NA,NA,NA,NA,NA,NA,NA
FOYU23_007,6.3412768569999995,NA,0.846902664,0.13355,NA,NA,2023,FOYU,Transit,NA,FOYU-2023-007,NA,NA,NA,NA,NA,NA,NA,NA,NA,Canada,NA,NA,66.571148,-145.525657,NA,0,FALSE,2023-07-12,803
FOYU23_010,5.251353466,11.35926861,0.825261758,0.157166667,0.5377032056000001,0.17421110909999998,2023,FOYU,Transit,NA,FOYU-2023-010,NA,0.46229679439999993,0.3768382372759105,0.6231617627240895,0.027380179371620367,0.08450902065936775,0.045277466969011894,NA,NA,Canada,NA,NA,66.571148,-145.525657,904,0,FALSE,2023-07-12,848
FOYU23_015,7.332213693000001,15.697573019999998,0.8202276510000001,0.1140125,0.5329078144,0.22526880920000003,2023,FOYU,Transit,NA,FOYU-2023-015,NA,0.4670921856,0.4822791220765823,0.5177208779234177,0.025683460108915004,0.060758152189280004,0.027570887701804995,NA,NA,Canada,NA,NA,66.571148,-145.525657,896,0,FALSE,2023-07-13,838
FOYU23_022,7.027328413,16.307140920000002,0.808219546,0.11520000000000001,0.5690643475999999,0.16642870980000002,2023,FOYU,Transit,NA,FOYU-2023-022,NA,0.4309356524000001,0.3862031578800974,0.6137968421199026,0.019172587368960003,0.06555621284351999,0.030471199787520015,NA,NA,Canada,NA,NA,66.571148,-145.525657,768,0,FALSE,2023-07-13,716
FOYU23_023,3.6957559949999994,NA,0.766140405,0.20875000000000002,NA,NA,2023,FOYU,Transit,NA,FOYU-2023-023,NA,NA,NA,NA,NA,NA,NA,NA,NA,Canada,NA,NA,66.568393,-145.491025,808,52,TRUE,2023-07-14,752
FOYU23_024,3.6957559949999994,NA,0.766140405,0.20875000000000002,NA,NA,2023,FOYU,Transit,NA,FOYU-2023-024,NA,NA,NA,NA,NA,NA,NA,NA,NA,Canada,NA,NA,66.571148,-145.525657,912,7,TRUE,2023-07-14,832
FOYU23_031,5.332201101000001,NA,0.901526532,0.169125,NA,NA,2023,FOYU,Transit,NA,FOYU-2023-031,NA,NA,NA,NA,NA,NA,NA,NA,NA,Canada,NA,NA,66.571148,-145.525657,982,5,TRUE,2023-07-15,902
FOYU23_045,5.416104285,NA,0.5572335649999999,0.10292857100000001,NA,NA,2023,FOYU,Transit,NA,FOYU-2023-045,NA,NA,NA,NA,NA,NA,NA,NA,NA,Canada,NA,NA,66.571148,-145.525657,738,0,FALSE,2023-07-20,692
FOYU23_050,4.7538938669999995,NA,0.482933276,0.10163194400000002,NA,NA,2023,FOYU,Transit,NA,FOYU-2023-050,NA,NA,NA,NA,NA,NA,NA,NA,NA,Canada,NA,NA,66.571148,-145.525657,766,0,FALSE,2023-07-20,716
FOYU23_058,4.783660643000001,NA,0.6289906390000001,0.1315,NA,NA,2023,FOYU,Transit,NA,FOYU-2023-058,NA,NA,NA,NA,NA,NA,NA,NA,NA,Canada,NA,NA,66.571148,-145.525657,862,0,FALSE,2023-07-24,804
FOYU23_061,6.876697281000001,NA,0.9449985190000001,0.1378,NA,NA,2023,FOYU,Transit,NA,FOYU-2023-061,NA,NA,NA,NA,NA,NA,NA,NA,NA,Canada,NA,NA,66.571148,-145.525657,916,0,FALSE,2023-07-24,858
FOYU23_062,4.8121582919999994,NA,0.5157761489999999,0.10714285700000001,NA,NA,2023,FOYU,Transit,NA,FOYU-2023-062,NA,NA,NA,NA,NA,NA,NA,NA,NA,Canada,NA,NA,66.571148,-145.525657,704,0,FALSE,2023-07-24,658
FOYU23_067,5.794241487000001,13.02558098,0.8438437780000001,0.1456,0.5551644494,0.20696862440000005,2023,FOYU,Transit,NA,FOYU-2023-067,NA,0.4448355506,0.4652699725119498,0.5347300274880502,0.030134631712640008,0.08083194383264,0.034633424454719994,NA,NA,Canada,NA,NA,66.561473,-145.359862,878,0,FALSE,2023-07-26,806
FOYU23_077,8.748546158,18.722570219999998,1.4284146979999996,0.15800000000000003,0.5327272881000001,0.1774026097,2023,FOYU,Transit,NA,FOYU-2023-077,NA,0.46727271189999986,0.37965540289877997,0.62034459710122,0.028029612332600005,0.08417091151980004,0.045799476147599986,NA,NA,Canada,NA,NA,66.561473,-145.359862,898,0,FALSE,2023-07-27,832
FOYU23_078,4.959442457000001,10.84307827,0.827404451,0.167285714,0.5426167430000001,0.15857587580000002,2023,FOYU,Transit,NA,FOYU-2023-078,NA,0.45738325699999993,0.3467024062929353,0.6532975937070646,0.026527478606378323,0.09077202928110951,0.04998620611251216,NA,NA,Canada,NA,NA,66.561473,-145.359862,780,0,FALSE,2023-07-28,738
FOYU23_083,6.838154449999999,14.79282263,0.961750506,0.14250000000000002,0.5377383599000001,0.17096378760000003,2023,FOYU,Transit,NA,FOYU-2023-083,NA,0.4622616400999999,0.3698420391599352,0.6301579608400648,0.024362339733000008,0.07662771628575002,0.04150994398124999,NA,NA,Canada,NA,NA,66.561473,-145.359862,922,0,FALSE,2023-08-02,864
FOYU23_086,8.091919242,17.111870660000008,0.908859339,0.111533333,0.5271166195999999,0.18723892720000002,2023,FOYU,Transit,NA,FOYU-2023-086,NA,0.4728833804000001,0.39595159178912004,0.6040484082108799,0.02088338161796036,0.058791073463681114,0.03185887791835852,NA,NA,Canada,NA,NA,66.561473,-145.359862,866,0,FALSE,2023-08-03,798
FOYU23_087,8.836751021,19.47793602,1.0418331449999998,0.1213,0.5463199484000001,0.175259897,2023,FOYU,Transit,NA,FOYU-2023-087,NA,0.4536800515999999,0.3863072585667111,0.6136927414332889,0.0212590255061,0.06626860974092001,0.03377236475297999,NA,NA,Canada,NA,NA,66.561473,-145.359862,762,0,FALSE,2023-08-03,714
PIST23_101,14.01164709,30.77371345,1.0719799419999998,0.07650000000000001,0.5446878026,0.19354596300000002,2023,PIST,Entry,NA,PIST-2023-101,NA,0.45531219739999995,0.42508407221510564,0.5749159277848943,0.014806266169500003,0.04166861689890001,0.020025116931599998,Canada,Canada,Canada,9.455,546,NA,NA,NA,NA,NA,2023-06-21,850
PIST23_004,7.172069876999999,NA,0.43078350900000006,0.060395832999999996,NA,NA,2023,PIST,Entry,NA,PIST-2023-004,NA,NA,NA,NA,NA,NA,NA,US,MiddleYukon,Tanana,NA,NA,NA,NA,NA,NA,NA,2023-06-12,580
PIST23_013,9.126462413,NA,0.41854844700000005,0.04595,NA,NA,2023,PIST,Entry,NA,PIST-2023-013,NA,NA,NA,NA,NA,NA,NA,US,MiddleYukon,Tanana,NA,NA,NA,NA,NA,NA,NA,2023-06-16,646
PIST23_016,9.163139572000002,20.62344402,0.42269988700000005,0.04568254,0.5556930471,0.2338074832,2023,PIST,Entry,NA,PIST-2023-016,NA,0.4443069529,0.5262296294801017,0.47377037051989834,0.010680919703583328,0.025385469851867636,0.009616150444549039,US,MiddleYukon,Tanana,3.515,363,NA,NA,NA,NA,NA,2023-06-17,635
PIST23_017,8.926145111,19.66473894,0.854351689,0.09565,0.5460837217000001,0.20109621450000004,2023,PIST,Entry,NA,PIST-2023-017,NA,0.4539162782999999,0.4430249015372227,0.5569750984627773,0.019234852916925005,0.05223290798060501,0.024182239102469985,US,MiddleYukon,Tanana,NA,NA,NA,NA,NA,NA,NA,2023-06-17,757
PIST23_021,9.136419527000001,20.915590379999998,0.603005715,0.065484163,0.5631765893,0.17496749749999996,2023,PIST,Entry,NA,PIST-2023-021,NA,0.43682341069999997,0.4005451475680261,0.5994548524319738,0.01145760012599209,0.036879147571505254,0.01714741530250265,US,MiddleYukon,Tanana,4.175,404,NA,NA,NA,NA,NA,2023-06-17,627
PIST23_024,9.742702066,27.774485000000002,0.728874648,0.07522619000000003,0.6492211442000001,0.15184667119999998,2023,PIST,Entry,NA,PIST-2023-024,NA,0.3507788557999999,0.4328843335032055,0.5671156664967945,0.011422846538558731,0.048838433145606625,0.014964910315834672,Canada,Canada,Canada,6.42,471,NA,NA,NA,NA,NA,2023-06-17,735
PIST23_026,8.242762209,18.02823882,0.6463771399999999,0.07925,0.542786054,0.20116037450000004,2023,PIST,Entry,NA,PIST-2023-026,NA,0.457213946,0.4399699008743711,0.5600300991256288,0.015941959679125005,0.0430157947795,0.020292245541374994,Canada,Canada,Canada,NA,NA,NA,NA,NA,NA,NA,2023-06-17,727
PIST23_041,13.18176937,30.237712829999996,1.20044213,0.090791667,0.5640619565,0.19898626899999997,2023,PIST,Entry,NA,PIST-2023-041,NA,0.4359380435,0.4564553884822855,0.5435446115177145,0.01806629507262042,0.05121212532191649,0.021513246605463093,Canada,Canada,Canada,NA,NA,NA,NA,NA,NA,NA,2023-06-18,686
PIST23_042,11.85025734,28.517250260000004,0.808726166,0.06831818199999999,0.5844530161,0.1870249318,2023,PIST,Entry,NA,PIST-2023-042,NA,0.4155469839,0.45006927987956935,0.5499307201204306,0.012777203329249986,0.039928767524368726,0.01561221114638128,US,MiddleYukon,Tanana,3.94,385,NA,NA,NA,NA,NA,2023-06-18,686
PIST23_043,8.324695219000002,19.582039009999995,0.557309544,0.067133333,0.5748810829000001,0.21095956760000004,2023,PIST,Entry,NA,PIST-2023-043,NA,0.42511891709999994,0.49623660372275646,0.5037633962772435,0.014162418901226813,0.038593683173726315,0.014377230925046879,US,MiddleYukon,Tanana,NA,NA,NA,NA,NA,NA,NA,2023-06-18,611
PIST23_050,10.488095210000001,24.53927995,0.9648863289999998,0.09188333299999998,0.5725997162,0.18514845270000002,2023,PIST,Entry,NA,PIST-2023-050,NA,0.42740028379999995,0.4331968408019107,0.5668031591980893,0.017012056933868848,0.05261237039931009,0.022258905666821045,US,MiddleYukon,Tanana,4.7,419,NA,NA,NA,NA,NA,2023-06-18,670
PIST23_052,15.31902301,34.41487411999999,0.9197477660000001,0.059849206,0.5548720314,0.21184351170000004,2023,PIST,Entry,NA,PIST-2023-052,NA,0.44512796860000003,0.4759159761771034,0.5240840238228965,0.012678665971496713,0.03320865051089707,0.01396188951760622,Canada,Canada,Canada,NA,NA,NA,NA,NA,NA,NA,2023-06-18,614
PIST23_055,9.895914239000003,22.3927767,0.46349044300000003,0.046842222,0.5580756074,0.1855470602,2023,PIST,Entry,NA,PIST-2023-055,NA,0.44192439260000005,0.4198615494120158,0.5801384505879842,0.008691436585335765,0.02614150149461564,0.012009283920048597,US,MiddleYukon,Tanana,5.99,452,NA,NA,NA,NA,NA,2023-06-18,754
PIST23_059,14.926790530000002,38.8654537,1.1144174290000004,0.07514285700000001,0.6159367997,0.15662177459999999,2023,PIST,Entry,NA,PIST-2023-059,NA,0.38406320029999996,0.4078020869420954,0.5921979130579046,0.011769007611854032,0.04628325086089475,0.017090598527251224,Canada,Canada,Canada,NA,NA,NA,NA,NA,NA,NA,2023-06-18,763
PIST23_064,12.19993782,27.00428669,NA,NA,0.5482221782000001,0.2514694057,2023,PIST,Entry,NA,PIST-2023-064,NA,0.4517778217999999,0.5566218472125982,0.4433781527874018,NA,NA,NA,US,LowerYukon,LowerYukon,NA,NA,NA,NA,NA,NA,NA,2023-06-19,670
PIST23_071,13.05986217,31.199001600000003,0.4770271830000001,0.036592857000000006,0.5814012789,0.2103809456,2023,PIST,Entry,NA,PIST-2023-071,NA,0.41859872109999996,0.5025838231114462,0.4974161768885538,0.007698439857865581,0.02127513385840482,0.007619283283729603,US,MiddleYukon,Tanana,NA,NA,NA,NA,NA,NA,NA,2023-06-19,640
PIST23_072,8.11395486,18.30604734,0.626515892,0.07770909100000001,0.5567609594000001,0.1899702765,2023,PIST,Entry,NA,PIST-2023-072,NA,0.44323904059999986,0.42859554122949717,0.5714044587705028,0.014762417503833664,0.043265388059261924,0.019681285436904422,US,LowerYukon,LowerYukon,NA,NA,NA,NA,NA,NA,NA,2023-06-19,695
PIST23_074,10.52062227,25.06139009,0.40256955,0.038410714,0.5802059569000001,0.20589848589999998,2023,PIST,Entry,NA,PIST-2023-074,NA,0.4197940430999999,0.4904750062185912,0.5095249937814088,0.007908707854937932,0.02228612507158223,0.008215881073479836,US,LowerYukon,LowerYukon,6.32,466,NA,NA,NA,NA,NA,2023-06-19,746
PIST23_076,11.25059192,25.4731347,0.8460999220000002,0.07511515200000002,0.5583350045,0.2011419253,2023,PIST,Entry,NA,PIST-2023-076,NA,0.44166499550000005,0.45541740312086826,0.5445825968791318,0.015108806292482149,0.04193941872993819,0.01806692697757968,Canada,Canada,Canada,NA,NA,NA,NA,NA,NA,NA,2023-06-19,841
PIST23_080,11.736793259999999,27.352370529999998,0.889157847,0.07575000000000001,0.5709039826000001,0.1781788196000001,2023,PIST,Entry,NA,PIST-2023-080,NA,0.4290960173999999,0.41524230562574344,0.5847576943742565,0.01349704558470001,0.043245976681950016,0.019006977733349986,US,LowerYukon,LowerYukon,6.92,472,NA,NA,NA,NA,NA,2023-06-19,794
PIST23_085,12.852737900000003,29.69847056,0.8476585330000002,0.06595833299999998,0.5672255959000001,0.1916776185,2023,PIST,Entry,NA,PIST-2023-085,NA,0.4327744040999999,0.4429042399090442,0.5570957600909558,0.012642736189669957,0.03741325474049563,0.015902342069834395,US,LowerYukon,LowerYukon,NA,NA,NA,NA,NA,NA,NA,2023-06-20,684
PIST23_086,9.120157778,20.90848805,0.85691715,0.0935,0.5638059644999999,0.16761596589999997,2023,PIST,Entry,NA,PIST-2023-086,NA,0.43619403550000013,0.3842692752730222,0.6157307247269779,0.015672092811649996,0.05271585768074999,0.02511204950760002,Canada,Canada,Canada,5.655,432,NA,NA,NA,NA,NA,2023-06-20,730
PIST23_089,9.423919968,21.890869610000003,0.9583118970000001,0.10237500000000001,0.5695045405999999,0.17060619839999994,2023,PIST,Entry,NA,PIST-2023-089,NA,0.4304954594000001,0.39630196945115537,0.6036980305488446,0.017465809561199995,0.05830302734392499,0.02660616309487502,US,MiddleYukon,Tanana,NA,NA,NA,NA,NA,NA,NA,2023-06-20,770
PIST23_091,19.917836480000002,44.619886709999996,0.813403404,0.040843750000000005,0.5536107788,0.1904565312,2023,PIST,Entry,NA,PIST-2023-091,NA,0.4463892212,0.4266602376464371,0.5733397623535629,0.007778958946200001,0.0226115402466125,0.010453250807187503,US,MiddleYukon,Koyukuk,4.075,394,NA,NA,NA,NA,NA,2023-06-20,688
PIST23_092,14.15110092,32.641195810000006,0.709500512,0.05063333300000001,0.5664649971,0.22302430099999998,2023,PIST,Entry,NA,PIST-2023-092,NA,0.4335350029,0.5144320516409218,0.48556794835907824,0.011292463699625234,0.02868201083100834,0.010658858469366437,Canada,Canada,Canada,NA,NA,NA,NA,NA,NA,NA,2023-06-20,820
PIST23_093,15.871224250000001,36.31006515999999,0.759664485,0.047760417,0.56289739,0.17514931470000003,2023,PIST,Entry,NA,PIST-2023-093,NA,0.43710260999999995,0.4007052593440246,0.5992947406559754,0.00836520430733623,0.026884214074611633,0.012510998618052136,US,MiddleYukon,UpperUS,5.85,460,NA,NA,NA,NA,NA,2023-06-20,704
PIST23_094,14.44438724,30.456831760000004,1.4896811769999998,0.104258929,0.5257422916,0.23656031020000004,2023,PIST,Entry,NA,PIST-2023-094,NA,0.47425770840000003,0.49880119186271515,0.5011988081372849,0.02466352458535978,0.054813328252221696,0.02478207616241853,Canada,Canada,Canada,NA,NA,NA,NA,NA,NA,NA,2023-06-20,700
PIST23_096,10.88874936,25.33029678,0.9820710920000001,0.09041071399999999,0.5701294204,0.21080211389999998,2023,PIST,Entry,NA,PIST-2023-096,NA,0.42987057959999997,0.490385069143727,0.509614930856273,0.01905876963040832,0.051545807970770165,0.019806136398821502,Canada,Canada,Canada,NA,NA,NA,NA,NA,NA,NA,2023-06-21,740
PIST23_102,13.77256024,30.04204415,1.0490829650000002,0.07624230800000001,0.5415571533000001,0.2149130838,2023,PIST,Entry,NA,PIST-2023-102,NA,0.4584428466999999,0.46878926205742893,0.531210737942571,0.01638546952830941,0.04128956728150183,0.018567271190188767,Canada,Canada,Canada,NA,NA,NA,NA,NA,NA,NA,2023-06-21,730
PIST23_104,15.2091972,36.07601555,1.177548199,0.07761363600000001,0.5784125001,0.1783201761,2023,PIST,Entry,NA,PIST-2023-104,NA,0.4215874999,0.422973110308767,0.577026889691233,0.013840077239281302,0.04489269724061137,0.018880861520107338,Canada,Canada,Canada,NA,NA,NA,NA,NA,NA,NA,2023-06-21,693
PIST23_105,7.988740852,18.28111642,0.462661619,0.058528846,0.5630058542999999,0.1942438952,2023,PIST,Entry,NA,PIST-2023-105,NA,0.43699414570000006,0.4444999941334454,0.5555000058665547,0.011368871028600938,0.03295208294342314,0.014207892027975929,Canada,Canada,Canada,4.91,424,NA,NA,NA,NA,NA,2023-06-21,694
PIST23_107,12.0428725,27.78523226999999,1.685475301,0.1401,0.5665729052999999,0.1845912897,2023,PIST,Entry,NA,PIST-2023-107,NA,0.43342709470000007,0.4258877489598713,0.5741122510401286,0.02586123968697,0.07937686403253,0.03486189628050001,Canada,Canada,Canada,3.33,378,NA,NA,NA,NA,NA,2023-06-21,600
PIST23_110,16.5705112,38.06774781,1.0496797719999997,0.06332323200000001,0.5647099672,0.2048080166,2023,PIST,Entry,NA,PIST-2023-110,NA,0.4352900328,0.4705093183103089,0.5294906816896912,0.012969105550621652,0.035759260265718,0.014594866183660361,Canada,Canada,Canada,5.415,433,NA,NA,NA,NA,NA,2023-06-22,715
PIST23_112,9.132659647,20.4749209,1.53517036,0.16893333300000005,0.5539587336,0.19568837869999997,2023,PIST,Entry,NA,PIST-2023-112,NA,0.44604126639999997,0.4387225878883389,0.561277412111661,0.03305829004315721,0.09358209521150712,0.04229294774533571,US,LowerYukon,LowerYukon,4.99,412,NA,NA,NA,NA,NA,2023-06-22,700
PIST23_113,16.960423699999996,36.40236779,1.3438298999999998,0.07905,0.5340846014,0.2371547641,2023,PIST,Entry,NA,PIST-2023-113,NA,0.4659153986,0.5090082122475701,0.4909917877524299,0.018747084102105,0.04221938774067,0.018083528157224995,Canada,Canada,Canada,NA,NA,NA,NA,NA,NA,NA,2023-06-22,708
PIST23_114,14.025839240000002,32.641604279999996,0.626726425,0.04455,0.5703079077000001,0.2179110378,2023,PIST,Entry,NA,PIST-2023-114,NA,0.42969209229999994,0.5071329952422307,0.49286700475776934,0.009707936733990001,0.025407217288035,0.009434845977974997,US,MiddleYukon,UpperUS,NA,NA,NA,NA,NA,NA,NA,2023-06-22,677
PIST23_116,18.123977670000002,40.06398788,NA,NA,0.5476242225000001,0.1576370567,2023,PIST,Entry,NA,PIST-2023-116,NA,0.4523757774999999,0.34846484834170866,0.6515351516582913,NA,NA,NA,US,LowerYukon,LowerYukon,NA,NA,NA,NA,NA,NA,NA,2023-06-22,683
PIST23_122,16.444914269999998,35.75543111,NA,NA,0.5400722699,0.2113813971,2023,PIST,Entry,NA,PIST-2023-122,NA,0.4599277301,0.4595969828869425,0.5404030171130575,NA,NA,NA,US,MiddleYukon,Tanana,NA,NA,NA,NA,NA,NA,NA,2023-06-23,840
PIST23_130,13.10346193,32.221676190000004,1.0109281319999999,0.077979167,0.5933339455,0.1857575349,2023,PIST,Entry,NA,PIST-2023-130,NA,0.40666605450000004,0.4567815111305288,0.5432184888694712,0.014485217835475428,0.0462676868229134,0.017226262341611176,US,MiddleYukon,Tanana,NA,NA,NA,NA,NA,NA,NA,2023-06-23,688
PIST23_131,14.106369399999998,32.35439701999999,1.5935342179999996,0.11168888899999999,0.5640045651,0.20617306180000003,2023,PIST,Entry,NA,PIST-2023-131,NA,0.43599543490000003,0.47287894619192034,0.5271210538080797,0.023027240214170342,0.06299304326694716,0.025668605518882486,US,MiddleYukon,Koyukuk,NA,NA,NA,NA,NA,NA,NA,2023-06-23,719
PIST23_132,18.04582211,40.96255069000001,1.078116685,0.059972222000000006,0.5594556051,0.15973378789999998,2023,PIST,Entry,NA,PIST-2023-132,NA,0.44054439489999997,0.3625827266199999,0.6374172733800001,0.009579590188839714,0.03355179574820154,0.016840836062958754,Canada,Canada,Canada,5.83,446,NA,NA,NA,NA,NA,2023-06-23,720
PIST23_134,12.967786640000002,30.368210649999998,0.851712379,0.065683333,0.5729815368000001,0.19957146469999998,2023,PIST,Entry,NA,PIST-2023-134,NA,0.4270184631999999,0.4673602710394468,0.5326397289605532,0.013108518973187842,0.03763533708448616,0.014939476942325995,Canada,Canada,Canada,7.05,454,NA,NA,NA,NA,NA,2023-06-23,819
PIST23_135,12.19935181,28.00043242,0.7175437449999998,0.058961538,0.5643155923000001,0.17476151420000005,2023,PIST,Entry,NA,PIST-2023-135,NA,0.43568440769999994,0.4011195055672865,0.5988804944327135,0.010304207660440842,0.03327291523938896,0.015384415100170199,Canada,Canada,Canada,NA,NA,NA,NA,NA,NA,NA,2023-06-24,860
PIST23_140,12.388789800000001,28.534176730000002,0.765247886,0.062375,0.5658262752,0.22497188010000002,2023,PIST,Entry,NA,PIST-2023-140,NA,0.43417372480000005,0.5181609739364863,0.4818390260635137,0.014032621021237502,0.035293413915599994,0.013048965063162502,Canada,Canada,Canada,NA,NA,NA,NA,NA,NA,NA,2023-06-24,752
PIST23_142,10.700004739999999,24.509822839999998,1.6097793819999997,0.14977083300000002,0.5634401437,0.18100498510000002,2023,PIST,Entry,NA,PIST-2023-142,NA,0.43655985630000005,0.4146166499001571,0.5853833500998429,0.027109267395579593,0.08438689966758871,0.038274665936831716,US,MiddleYukon,UpperUS,4.23,404,NA,NA,NA,NA,NA,2023-06-25,645
PIST23_143,12.84179765,29.44067745,1.003398624,0.078218939,0.5638076716999999,0.19922430959999995,2023,PIST,Entry,NA,PIST-2023-143,NA,0.4361923283000001,0.4567350149794001,0.5432649850205999,0.01558311411991951,0.04410043788043432,0.018535386999646172,US,No Assignment,No Assignment,NA,NA,NA,NA,NA,NA,NA,2023-06-25,562
PIST23_148,9.215291621999999,19.940975650000002,1.1940723260000004,0.129642857,0.5378715775,0.17961797869999996,2023,PIST,Entry,NA,PIST-2023-148,NA,0.46212842249999997,0.38867546325826774,0.6113245367417323,0.02328618792723314,0.06973120800619692,0.036625461066569935,US,LowerYukon,LowerYukon,NA,NA,NA,NA,NA,NA,NA,2023-06-26,680
PIST23_149,16.119508610000004,NA,1.4272249849999996,0.0885125,NA,NA,2023,PIST,Entry,NA,PIST-2023-149,NA,NA,NA,NA,NA,NA,NA,US,LowerYukon,LowerYukon,NA,NA,NA,NA,NA,NA,NA,2023-06-26,649
PIST23_150,11.11065944,26.098765569999998,1.2090417589999998,0.108818182,0.5742841012000001,0.1613000488,2023,PIST,Entry,NA,PIST-2023-150,NA,0.42571589879999994,0.3788912964130999,0.6211087035869001,0.017552378066927284,0.06249255184408802,0.02877325208898469,US,LowerYukon,LowerYukon,4.705,422,NA,NA,NA,NA,NA,2023-06-26,681
PIST23_152,14.930460850000001,32.930979230000005,1.119537785,0.075008333,0.5466135172000001,0.20078281050000002,2023,PIST,Entry,NA,PIST-2023-152,NA,0.45338648279999993,0.44285133791377346,0.5571486620862265,0.015060383910659897,0.04100056872043883,0.01894738036890127,Canada,Canada,Canada,7.98,510,NA,NA,NA,NA,NA,2023-06-26,801
PIST23_154,10.412207500000001,23.9538364,1.2138910359999997,0.117416667,0.5653219248000001,0.1692936581,2023,PIST,Entry,NA,PIST-2023-154,NA,0.4346780751999999,0.3894690525214694,0.6105309474785305,0.019877897078339552,0.06637821619204065,0.031160553729619796,Canada,Canada,Canada,6.895,480,NA,NA,NA,NA,NA,2023-06-27,795
PIST23_155,10.68070706,NA,1.360219042,0.1274,NA,NA,2023,PIST,Entry,NA,PIST-2023-155,NA,NA,NA,NA,NA,NA,NA,US,MiddleYukon,Tanana,NA,NA,NA,NA,NA,NA,NA,2023-06-28,736
PIST23_145,NA,NA,NA,NA,0.5656186383,0.1720153069,2023,PIST,Entry,NA,PIST-2023-145,NA,0.43438136169999997,0.3960006622448046,0.6039993377551953,NA,NA,NA,Canada,Canada,Canada,NA,NA,NA,NA,NA,NA,NA,2023-06-25,666
PIST23_031,NA,NA,NA,NA,0.5645391107,0.19228393919999998,2023,PIST,Entry,NA,PIST-2023-031,NA,0.43546088930000004,0.44156419996545476,0.5584358000345453,NA,NA,NA,US,MiddleYukon,UpperUS,NA,NA,NA,NA,NA,NA,NA,2023-06-17,769
PIST23_001,NA,NA,NA,NA,0.6175670069,0.16339050150000006,2023,PIST,Entry,NA,PIST-2023-001,NA,0.3824329931,0.42723955424336546,0.5727604457566345,NA,NA,NA,US,MiddleYukon,Tanana,7.25,480,NA,NA,NA,NA,NA,2023-06-10,780
RARA23_004,8.695728122999999,19.01222165,0.807544904,0.09277500000000001,0.5426243032000001,0.1658615033,2023,RARA,Transit,NA,RARA-2023-004,NA,0.4573756967999999,0.3626373339476485,0.6373626660523515,0.015387800968657502,0.050341969729380015,0.027045229301962494,NA,NA,Canada,NA,NA,65.338488,-151.065382,794,400,TRUE,2023-07-03,728
RARA23_005,9.565638367000002,20.30943032,1.535367334,0.16024285700000002,0.5290050869,0.16978581849999996,2023,RARA,Transit,NA,RARA-2023-005,NA,0.47099491309999997,0.3604833380948886,0.6395166619051114,0.02720696463452345,0.08476928649238928,0.04826660587308728,NA,NA,Canada,NA,NA,65.338488,-151.065382,930,47,TRUE,2023-07-03,853
RARA23_006,9.484275869,20.24453002,1.118668915,0.11855555599999999,0.5315141492,0.2215924798,2023,RARA,Transit,NA,RARA-2023-006,NA,0.46848585080000005,0.4729971661291419,0.5270028338708581,0.026271019648107765,0.06301395548027294,0.02927058087161928,NA,NA,Canada,NA,NA,65.338488,-151.065382,838,0,FALSE,2023-07-04,779
RARA23_009,9.670610283,20.68611055,0.5363558350000001,0.057350000000000005,0.5325070771,0.2045081609,2023,RARA,Transit,NA,RARA-2023-009,NA,0.4674929229,0.437457233857946,0.562542766142054,0.011728543027615002,0.030539280871685004,0.0150821761007,NA,NA,Canada,NA,NA,65.338488,-151.065382,850,0,FALSE,2023-07-04,792
RARA23_011,12.76598826,26.699385170000003,1.4490583989999999,0.113471429,0.5218620885,0.2071626264,2023,RARA,Transit,NA,RARA-2023-011,NA,0.47813791149999996,0.4332696099125367,0.5667303900874633,0.023507039253001124,0.05921643692301947,0.030747952823979404,NA,NA,Canada,NA,NA,65.338488,-151.065382,918,0,FALSE,2023-07-04,854
RARA23_015,6.73522585,14.915886510000004,0.7647938830000001,0.11325,0.5484528629,0.15850413170000002,2023,RARA,Transit,NA,RARA-2023-015,NA,0.45154713710000005,0.3510245524265112,0.6489754475734888,0.017950592915025,0.062112286723424996,0.033187120361550006,NA,NA,Canada,NA,NA,65.338488,-151.065382,842,0,FALSE,2023-07-05,782
RARA23_016,8.962355791,19.354715130000002,1.3475262579999996,0.150375,0.5369419941,0.16654111910000005,2023,RARA,Transit,NA,RARA-2023-016,NA,0.4630580059,0.3596549826977088,0.6403450173022912,0.025043620784662508,0.0807426523627875,0.04458872685255,NA,NA,Canada,NA,NA,65.338488,-151.065382,970,0,FALSE,2023-07-05,913
RARA23_017,9.524815671999999,22.03958825,0.9931337009999999,0.10450000000000001,0.5678315056000001,0.2090536432,2023,RARA,Transit,NA,RARA-2023-017,NA,0.43216849439999994,0.4837317988444278,0.5162682011555721,0.021846105714400002,0.05933839233520001,0.023315501950399994,NA,NA,Canada,NA,NA,65.338488,-151.065382,857,0,FALSE,2023-07-05,800
RARA23_023,10.098513379999998,23.46895373,1.047225226,0.10377777800000001,0.5697075593,0.2197988983,2023,RARA,Transit,NA,RARA-2023-023,NA,0.43029244069999995,0.5108128275329007,0.4891871724670993,0.02281024127242198,0.05912298461395725,0.021844552113620786,NA,NA,Canada,NA,NA,65.338488,-151.065382,871,0,FALSE,2023-07-06,810
RARA23_024,4.929359190000001,10.847089630000001,0.632975508,0.12835555599999998,0.545559283,0.21980373109999998,2023,RARA,Transit,NA,RARA-2023-024,NA,0.454440717,0.4836796591446272,0.5163203408553728,0.028213030116214986,0.07002556510042635,0.030116960783358657,NA,NA,Canada,NA,NA,65.338488,-151.065382,906,300,TRUE,2023-07-06,847
RARA23_032,5.015694925,11.81184338,0.5030725149999999,0.102297619,0.5753673018000001,0.1778272656999999,2023,RARA,Transit,NA,RARA-2023-032,NA,0.42463269819999994,0.41877902114887094,0.5812209788511291,0.01819130587439036,0.05885870502459442,0.025247608101015225,NA,NA,Canada,NA,NA,65.338488,-151.065382,839,13,TRUE,2023-07-07,786
RARA23_034,8.716961083999998,NA,0.924814914,0.10505,NA,NA,2023,RARA,Transit,NA,RARA-2023-034,NA,NA,NA,NA,NA,NA,NA,NA,NA,Canada,NA,NA,65.338488,-151.065382,743,76,TRUE,2023-07-07,690
RARA23_038,5.567303389,12.3163643,0.45471723399999997,0.081208333,0.547975096,0.13727623299999997,2023,RARA,Transit,NA,RARA-2023-038,NA,0.45202490399999995,0.3036917474794707,0.6963082525205293,0.011147974042449585,0.04450014407167497,0.02556021488587544,NA,NA,Canada,NA,NA,65.338488,-151.065382,731,0,FALSE,2023-07-07,678
RARA23_042,5.4073669110000004,11.83632956,0.619772103,0.11475,0.5431550901,0.1705131527,2023,RARA,Transit,NA,RARA-2023-042,NA,0.45684490990000004,0.3732407847935179,0.626759215206482,0.019566384272325002,0.062327046588975,0.032856569138700005,NA,NA,Canada,NA,NA,65.338488,-151.065382,853,91,TRUE,2023-07-10,788
RARA23_045,8.024235439,17.99805891,0.909230644,0.112783333,0.5541610638000001,0.2026651132,2023,RARA,Transit,NA,RARA-2023-045,NA,0.4458389361999999,0.45457024217617004,0.54542975782383,0.022857246949518295,0.06250013179418966,0.027425954256292052,NA,NA,Canada,NA,NA,65.338488,-151.065382,926,100,TRUE,2023-07-10,862
RARA23_049,6.946245026000001,14.84609992,0.895543082,0.1287,0.5321165111,0.19838459060000002,2023,RARA,Transit,NA,RARA-2023-049,NA,0.4678834889,0.4240042559877561,0.5759957440122438,0.025532096810220003,0.06848339497857,0.03468450821121,NA,NA,Canada,NA,NA,65.338488,-151.065382,847,700,TRUE,2023-07-11,800
RARA23_050,9.497372632,19.613048470000003,0.898448786,0.094511905,0.5157625472,0.20287515150000002,2023,RARA,Transit,NA,RARA-2023-050,NA,0.48423745279999997,0.41895799328804006,0.5810420067119599,0.019174117045428606,0.048745700863524415,0.026592087091046972,NA,NA,Canada,NA,NA,65.338488,-151.065382,934,0,FALSE,2023-07-11,871
RARA23_067,5.096071683000001,10.956481960000001,0.6358960570000001,0.12543333300000004,0.5348806578,0.18926804730000002,2023,RARA,Transit,NA,RARA-2023-067,NA,0.46511934219999995,0.40692362180589625,0.5930763781941037,0.02374052200324066,0.06709186366508647,0.034600947331672904,NA,NA,Canada,NA,NA,65.338488,-151.065382,848,109,TRUE,2023-07-12,782
RARA23_073,6.557964001999999,14.03360763,0.6565355869999999,0.100857143,0.5326957846,0.1886167719,2023,RARA,Transit,NA,RARA-2023-073,NA,0.4673042154,0.4036273709590851,0.5963726290409149,0.01902334873571668,0.0537261749228994,0.028107619341383918,NA,NA,Canada,NA,NA,65.338488,-151.065382,862,37,TRUE,2023-07-13,798
RARA23_080,4.491275446,9.755846246000003,0.4175856740000001,0.092916667,0.5396324078,0.19724984100000004,2023,RARA,Transit,NA,RARA-2023-080,NA,0.4603675922,0.42846161272426775,0.5715383872757323,0.018327797791999948,0.0501408447379608,0.024448024470039246,NA,NA,Canada,NA,NA,65.338488,-151.065382,831,0,FALSE,2023-07-14,764
RARA23_087,10.48379719,22.75428365,0.9623183039999998,0.091783333,0.5392605038,0.18519891770000005,2023,RARA,Transit,NA,RARA-2023-087,NA,0.4607394962,0.4019601515117515,0.5980398484882485,0.0169981739344987,0.04949512639402316,0.025290032671478137,NA,NA,Canada,NA,NA,65.338488,-151.065382,843,0,FALSE,2023-07-14,773
RARA23_088,6.754882487,NA,0.6305187279999999,0.09326250000000001,NA,NA,2023,RARA,Transit,NA,RARA-2023-088,NA,NA,NA,NA,NA,NA,NA,NA,NA,Canada,NA,NA,65.338488,-151.065382,919,0,FALSE,2023-07-14,853
RARA23_089,10.610498719999999,NA,0.975852873,0.09225,NA,NA,2023,RARA,Transit,NA,RARA-2023-089,NA,NA,NA,NA,NA,NA,NA,NA,NA,Canada,NA,NA,65.338488,-151.065382,813,0,FALSE,2023-07-14,759
RARA23_090,8.1591569840000009,NA,1.0955509600000002,0.141166667,NA,NA,2023,RARA,Transit,NA,RARA-2023-090,NA,NA,NA,NA,NA,NA,NA,NA,NA,Canada,NA,NA,65.338488,-151.065382,789,0,FALSE,2023-07-14,742
RARA23_107,10.04153082,NA,0.8466853110000001,0.08438888899999998,NA,NA,2023,RARA,Transit,NA,RARA-2023-107,NA,NA,NA,NA,NA,NA,NA,NA,NA,Canada,NA,NA,65.338488,-151.065382,903,1200,TRUE,2023-07-18,848
RARA23_109,6.419307794000002,NA,0.642069683,0.09931249999999998,NA,NA,2023,RARA,Transit,NA,RARA-2023-109,NA,NA,NA,NA,NA,NA,NA,NA,NA,Canada,NA,NA,65.338488,-151.065382,756,0,FALSE,2023-07-18,706
RARA23_114,3.8295907450000004,NA,0.4063043720000001,0.10696666700000002,NA,NA,2023,RARA,Transit,NA,RARA-2023-114,NA,NA,NA,NA,NA,NA,NA,NA,NA,Canada,NA,NA,65.338488,-151.065382,775,0,FALSE,2023-07-18,719
RARA23_115,5.076186662,NA,0.6985295209999999,0.136020833,NA,NA,2023,RARA,Transit,NA,RARA-2023-115,NA,NA,NA,NA,NA,NA,NA,NA,NA,Canada,NA,NA,65.338488,-151.065382,833,24,TRUE,2023-07-18,771
RARA23_117,7.434443643000001,NA,0.7430427439999999,0.09997142899999999,NA,NA,2023,RARA,Transit,NA,RARA-2023-117,NA,NA,NA,NA,NA,NA,NA,NA,NA,Canada,NA,NA,65.338488,-151.065382,727,45,TRUE,2023-07-19,685
RARA23_119,7.1975967459999985,NA,0.7696164849999999,0.106857143,NA,NA,2023,RARA,Transit,NA,RARA-2023-119,NA,NA,NA,NA,NA,NA,NA,NA,NA,Canada,NA,NA,65.338488,-151.065382,828,0,FALSE,2023-07-19,771
RARA23_122,7.914886802999999,NA,0.892938146,0.1153625,NA,NA,2023,RARA,Transit,NA,RARA-2023-122,NA,NA,NA,NA,NA,NA,NA,NA,NA,Canada,NA,NA,65.338488,-151.065382,788,107,TRUE,2023-07-19,732
RARA23_126,7.022022141,NA,1.3887451860000002,0.19793333300000004,NA,NA,2023,RARA,Transit,NA,RARA-2023-126,NA,NA,NA,NA,NA,NA,NA,NA,NA,Canada,NA,NA,65.338488,-151.065382,844,23,TRUE,2023-07-19,778
RARA23_139,10.779108429999999,23.203622949999996,1.0365725360000002,0.09621428600000001,0.5354558014,0.22172665620000004,2023,RARA,Transit,NA,RARA-2023-139,NA,0.46454419859999996,0.47729937618039187,0.5227006238196081,0.02133327191345048,0.05151849761625881,0.02336251647029072,NA,NA,Canada,NA,NA,65.338488,-151.065382,779,150,TRUE,2023-07-20,732
RARA23_152,8.060467166,NA,0.712041108,0.08833333299999999,NA,NA,2023,RARA,Transit,NA,RARA-2023-152,NA,NA,NA,NA,NA,NA,NA,NA,NA,Canada,NA,NA,65.338488,-151.065382,773,0,FALSE,2023-07-24,715
RARA23_161,9.309234018000003,19.138569869999998,0.7970279989999999,0.085857143,0.5135877925,0.19557399269999998,2023,RARA,Transit,NA,RARA-2023-161,NA,0.4864122075,0.402074597809102,0.597925402190898,0.016791424258324854,0.044095180543726825,0.024970538197948318,NA,NA,Canada,NA,NA,65.338488,-151.065382,744,0,FALSE,2023-07-24,683
RARA23_163,9.321378053999998,19.68917863,1.359854816,0.145866667,0.5265735444,0.17080281060000002,2023,RARA,Transit,NA,RARA-2023-163,NA,0.47342645559999996,0.3607800294631444,0.6392199705368555,0.024914436696454274,0.07680952785200452,0.044142702451541206,NA,NA,Canada,NA,NA,65.338488,-151.065382,894,450,TRUE,2023-07-25,835
RARA23_165,8.473478044,18.55371882,1.019241178,0.12775,0.5433002878,0.1574042365,2023,RARA,Transit,NA,RARA-2023-165,NA,0.45669971220000005,0.3446558696999327,0.6553441303000673,0.020108391212875,0.06940661176645,0.03823499702067501,NA,NA,Canada,NA,NA,65.338488,-151.065382,816,0,FALSE,2023-07-25,773
RARA23_170,10.37072618,22.412721289999997,1.3278640509999997,0.12071428600000002,0.5372839358000001,0.16403137369999995,2023,RARA,Transit,NA,RARA-2023-170,NA,0.4627160641999999,0.35449682081731365,0.6455031791826864,0.019800930157794674,0.06485784668936687,0.036055509152838484,NA,NA,Canada,NA,NA,65.338488,-151.065382,838,0,FALSE,2023-07-25,772
RARA23_175,12.127967169999998,27.96427304,1.525404969,0.12575,0.5663049364,0.16610695480000004,2023,RARA,Transit,NA,RARA-2023-175,NA,0.4336950636,0.38300402458166244,0.6169959754183376,0.020887949566100007,0.0712128457523,0.033649204681599994,NA,NA,Canada,NA,NA,65.338488,-151.065382,849,0,FALSE,2023-07-26,776
RARA23_176,9.797133056,20.64215064,1.0675794879999998,0.10970833299999999,0.5253821547,0.1730760485,2023,RARA,Transit,NA,RARA-2023-176,NA,0.47461784529999995,0.36466401382485064,0.6353359861751493,0.018987884763162148,0.05763880038008511,0.03308164785675272,NA,NA,Canada,NA,NA,65.338488,-151.065382,765,3,TRUE,2023-07-26,702
Salcha_236,7.910135926999999,18.97335793,1.8495048939999998,0.234,0.5830924627999999,0.1292443879,2023,Salcha,Spawning,NA,Salcha 236,236-S,0.41690753720000007,0.3100073190521344,0.6899926809478656,0.030243186768600005,0.13644363629519998,0.06731317693620001,NA,NA,Tanana,NA,NA,NA,NA,NA,NA,NA,NA,NA
Salcha_239,5.060039111,16.148612299999996,1.29884911,0.258333333,0.6866579606,0.1106446345,2023,Salcha,Spawning,NA,Salcha 239,239-S,0.31334203940000005,0.35311136262426457,0.6468886373757354,0.02858319720895179,0.17738663959278067,0.05236349619826754,NA,NA,Tanana,NA,NA,NA,NA,NA,NA,NA,NA,NA
Salcha_243,3.546119645,11.34876952,0.8318045700000001,0.23450000000000001,0.6875326758000001,0.1204863273,2023,Salcha,Spawning,NA,Salcha 243,243-S,0.3124673241999999,0.38559656632410216,0.6144034336758979,0.028254043751850002,0.16122641247510003,0.04501954377304999,NA,NA,Tanana,NA,NA,NA,NA,NA,NA,NA,NA,NA
Salcha_275,6.45606183,16.75340105,1.370440211,0.21250000000000002,0.6146417191000001,0.11205590390000002,2023,Salcha,Spawning,NA,Salcha 275,275-S,0.3853582808999999,0.2907836926153364,0.7092163073846636,0.023811879578750007,0.13061136530875003,0.058076755112499975,NA,NA,Tanana,NA,NA,NA,NA,NA,NA,NA,NA,NA
Salcha_291,4.210810669999999,12.744543979999998,0.8811121329999999,0.188125,0.6695989534,0.1219214883,2023,Salcha,Spawning,NA,Salcha 291,291-S,0.3304010466,0.36901059955661775,0.6309894004433823,0.0229364799864375,0.12596830310837498,0.039220216905187504,NA,NA,Tanana,NA,NA,NA,NA,NA,NA,NA,NA,NA
Salcha_229,NA,NA,NA,NA,0.7170283806,0.05837079943,2023,Salcha,Spawning,NA,Salcha 229,229-S,0.28297161940000004,0.20627792834407474,0.7937220716559252,NA,NA,NA,NA,NA,Tanana,NA,NA,NA,NA,NA,NA,NA,NA,NA
CHIN_WH_015,4.951035622,11.80494772,0.8780579970000001,0.17650000000000002,0.5805965652,0.2484365725,2023,WH,Spawning,F1-2,CHINWH015,NA,0.4194034348,0.5923570287841621,0.4076429712158379,0.04384905504625001,0.10247529375780001,0.030175651195949994,NA,NA,Canada,NA,NA,NA,NA,NA,NA,NA,NA,NA
CHIN_WH_016,6.890928252999999,16.84091898,1.5427710319999999,0.22416666699999999,0.5908223143,0.1248311332,2023,WH,Spawning,F1-3,CHINWH016,NA,0.4091776857,0.30507805670400956,0.6949219432959904,0.027982979067277043,0.13244266898585744,0.06374101894686551,NA,NA,Canada,NA,NA,NA,NA,NA,NA,NA,NA,NA
CHIN_WH_017,7.495125925999999,17.133959760000007,1.137760116,0.15180000000000002,0.5625572820000001,0.18493197679999998,2023,WH,Spawning,F1-4,CHINWH017,NA,0.4374427179999999,0.42275701295363666,0.5772429870463633,0.02807267407824,0.08539619540760003,0.03833113051415999,NA,NA,Canada,NA,NA,NA,NA,NA,NA,NA,NA,NA
CHIN_WH_018,5.413295558,12.97286566,0.8000977320000001,0.14800000000000002,0.5827216822000001,0.12564556040000002,2023,WH,Spawning,F1-5,CHINWH018,NA,0.4172783177999999,0.3011073306239255,0.6988926693760745,0.018595542939200006,0.08624280896560002,0.04316164809519999,NA,NA,Canada,NA,NA,NA,NA,NA,NA,NA,NA,NA
CHIN_WH_019,4.8116657730000005,11.988996870000001,0.672830651,0.13983333300000003,0.5986598524000001,0.12336082720000001,2023,WH,Spawning,F1-8,CHINWH019,NA,0.4013401475999999,0.30737225751695524,0.6926277424830447,0.01724995562901306,0.08371260249438008,0.03887077487660689,NA,NA,Canada,NA,NA,NA,NA,NA,NA,NA,NA,NA
CHIN_WH_020,3.954475048,9.556822386,0.788827074,0.1995,0.5862144456999999,0.1416481303,2023,WH,Spawning,F1-6,CHINWH020,NA,0.4137855543000001,0.3423225601474314,0.6576774398525687,0.028258801994850005,0.11694978191714998,0.054291416088000026,NA,NA,Canada,NA,NA,NA,NA,NA,NA,NA,NA,NA
CHIN_WH_021,5.007790703,12.017829919999999,0.9262060799999999,0.184966667,0.5833032472,0.1139186584,2023,WH,Spawning,F1-7,CHINWH021,NA,0.41669675279999996,0.27338503992297014,0.7266149600770299,0.02107115455335955,0.1078916574848611,0.05600385496177935,NA,NA,Canada,NA,NA,NA,NA,NA,NA,NA,NA,NA
CHIN_WH_025,6.294732214,14.8874954,0.989730333,0.15725000000000003,0.5771799053,0.1569826654,2023,WH,Spawning,F2-2,CHINWH025,NA,0.42282009470000004,0.37127531867042074,0.6287246813295793,0.024685524134150004,0.090761540108425,0.04180293575742502,NA,NA,Canada,NA,NA,NA,NA,NA,NA,NA,NA,NA
CHIN_WH_026,5.567346972999999,13.25276946,0.8564280130000002,0.15426666700000002,0.5799106752,0.1606927124,2023,WH,Spawning,F2-3,CHINWH026,NA,0.42008932480000005,0.382520342492645,0.617479657507355,0.024789529153137573,0.08946088702082357,0.04001625082603888,NA,NA,Canada,NA,NA,NA,NA,NA,NA,NA,NA,NA
CHIN_WH_027,5.080565409,12.279584830000003,0.9454055100000001,0.186,0.5862591871000001,0.1392441305,2023,WH,Spawning,F2-4,CHINWH027,NA,0.41374081289999987,0.33654917803251616,0.6634508219674838,0.025899408273,0.10904420880060002,0.051056382926399975,NA,NA,Canada,NA,NA,NA,NA,NA,NA,NA,NA,NA
CHIN_WH_028,6.436600216,15.710264459999998,1.4335107349999998,0.22275,0.5902933249000001,0.13386028379999998,2023,WH,Spawning,F2-8,CHINWH028,NA,0.4097066750999999,0.32672224285173723,0.6732777571482628,0.029817378216449995,0.13148783812147502,0.06144478366207499,NA,NA,Canada,NA,NA,NA,NA,NA,NA,NA,NA,NA
CHIN_WH_033,5.813632216999999,13.983871619999999,0.807166274,0.138875,0.584261614,0.14737370659999996,2023,WH,Spawning,F2-6,CHINWH033,NA,0.415738386,0.35448664728303425,0.6455133527169657,0.020466523504074994,0.08113933164425,0.03726914485167501,NA,NA,Canada,NA,NA,NA,NA,NA,NA,NA,NA,NA
CHIN_WH_034,3.998157739,9.974002997000001,0.6350161439999998,0.15883333300000005,0.5991421157999999,0.11233768609999999,2023,WH,Spawning,F2-7,CHINWH034,NA,0.4008578842000001,0.2802431747705162,0.7197568252294838,0.017842969104770776,0.09516373919318596,0.04582662470204331,NA,NA,Canada,NA,NA,NA,NA,NA,NA,NA,NA,NA
CHIN_WH_035,5.7846883579999995,13.446653379999999,0.732203082,0.1267,0.5698046052,0.14245368339999998,2023,WH,Spawning,F2-8,CHINWH035,NA,0.4301953948,0.33113716492996725,0.6688628350700327,0.018048881686779997,0.07219424347884,0.03645687483438001,NA,NA,Canada,NA,NA,NA,NA,NA,NA,NA,NA,NA
